{
  "global": {
    "accuracy": 0.9763703703703703,
    "precision": 0.9765918132915173,
    "recall": 0.9763703703703703,
    "f1": 0.9764109648796601
  },
  "per_class": {
    "AnnualCrop": {
      "precision": 0.976462676529926,
      "recall": 0.968,
      "f1-score": 0.9722129226648811
    },
    "Forest": {
      "precision": 0.9879154078549849,
      "recall": 0.981,
      "f1-score": 0.9844455594581034
    },
    "HerbaceousVegetation": {
      "precision": 0.9617177097203728,
      "recall": 0.963,
      "f1-score": 0.9623584277148568
    },
    "Highway": {
      "precision": 0.9876339653751031,
      "recall": 0.9584,
      "f1-score": 0.9727974015428339
    },
    "Industrial": {
      "precision": 0.9802605606000789,
      "recall": 0.9932,
      "f1-score": 0.986687860123187
    },
    "Pasture": {
      "precision": 0.9663991975927784,
      "recall": 0.9635,
      "f1-score": 0.9649474211316975
    },
    "PermanentCrop": {
      "precision": 0.938319198149576,
      "recall": 0.9736,
      "f1-score": 0.955634079308991
    },
    "Residential": {
      "precision": 0.9973009446693657,
      "recall": 0.9853333333333333,
      "f1-score": 0.9912810194500336
    },
    "River": {
      "precision": 0.9666142969363708,
      "recall": 0.9844,
      "f1-score": 0.9754260800634166
    },
    "SeaLake": {
      "precision": 0.9943067649028801,
      "recall": 0.9896666666666667,
      "f1-score": 0.9919812896759105
    }
  },
  "prediction_distribution": {
    "AnnualCrop": 2974,
    "Forest": 2979,
    "HerbaceousVegetation": 3004,
    "Highway": 2426,
    "Industrial": 2533,
    "Pasture": 1994,
    "PermanentCrop": 2594,
    "Residential": 2964,
    "River": 2546,
    "SeaLake": 2986
  }
}