{
  "accuracy": [
    0.7106481194496155,
    0.7782870531082153,
    0.8054629564285278,
    0.8124074339866638,
    0.8200463056564331,
    0.8520833253860474,
    0.8618981242179871,
    0.8660647869110107,
    0.8695833086967468,
    0.8725000023841858,
    0.8764351606369019,
    0.8804629445075989,
    0.8825926184654236,
    0.8322222232818604,
    0.8737499713897705,
    0.893657386302948,
    0.9073148369789124,
    0.914814829826355,
    0.925000011920929,
    0.9308796525001526,
    0.9333333373069763,
    0.9383333325386047,
    0.9369444251060486
  ],
  "loss": [
    0.9647201299667358,
    0.728359043598175,
    0.6615664958953857,
    0.6353368759155273,
    0.613085150718689,
    0.48954933881759644,
    0.45470064878463745,
    0.4394008219242096,
    0.43256333470344543,
    0.4189363121986389,
    0.40506041049957275,
    0.3910622000694275,
    0.3765711784362793,
    0.5801783800125122,
    0.4291034936904907,
    0.37461474537849426,
    0.32467442750930786,
    0.3048323690891266,
    0.27315181493759155,
    0.26039305329322815,
    0.2466897964477539,
    0.2286478877067566,
    0.22178661823272705
  ],
  "val_accuracy": [
    0.8990740776062012,
    0.9283333420753479,
    0.9087036848068237,
    0.9198148250579834,
    0.926111102104187,
    0.9392592310905457,
    0.9411110877990723,
    0.9457407593727112,
    0.9353703856468201,
    0.9392592310905457,
    0.9466666579246521,
    0.9457407593727112,
    0.9462962746620178,
    0.8361111283302307,
    0.9322222471237183,
    0.9535185098648071,
    0.9624074101448059,
    0.9544444680213928,
    0.9694444537162781,
    0.9722222089767456,
    0.9677777886390686,
    0.9624074101448059,
    0.9688888788223267
  ],
  "val_loss": [
    0.355842262506485,
    0.2727903127670288,
    0.38271501660346985,
    0.3428267538547516,
    0.3175749182701111,
    0.2564184069633484,
    0.25697973370552063,
    0.23013179004192352,
    0.29056718945503235,
    0.2731807827949524,
    0.2506469488143921,
    0.258626788854599,
    0.2616913318634033,
    1.0092543363571167,
    0.2577040493488312,
    0.16736118495464325,
    0.13574416935443878,
    0.1727147251367569,
    0.11861006170511246,
    0.108854278922081,
    0.11819563060998917,
    0.1520037204027176,
    0.10237337648868561
  ],
  "learning_rate": [
    0.0010000000474974513,
    0.0010000000474974513,
    0.0010000000474974513,
    0.0010000000474974513,
    0.0010000000474974513,
    0.0003000000142492354,
    0.0003000000142492354,
    0.0003000000142492354,
    0.0003000000142492354,
    0.0003000000142492354,
    0.0003000000142492354,
    9.000000136438757e-05,
    9.000000136438757e-05,
    9.999999747378752e-05,
    9.999999747378752e-05,
    9.999999747378752e-05,
    9.999999747378752e-05,
    9.999999747378752e-05,
    9.999999747378752e-05,
    9.999999747378752e-05,
    9.999999747378752e-05,
    9.999999747378752e-05,
    9.999999747378752e-05
  ]
}